compan -1 jakart -1 hous -1 rate -1 barclay -1 bank -1 morg -1 stanley -1 wed -1 discount -1 list -1 list -1 list -1 de -1 indicat -1 sbc -1 sbc -1 warburg -1 issu -1 issu -1 issu -1 issu -1 issu -1 issu -1 issu -1 issu -1 gmt -1 bzw -1 bzw -1 bzw -1 -2
bzw -1 bzw -1 bzw -1 bzw -1 ml -1 ml -1 ml -1 ml -1 ml -1 ml -1 yield -1 mention -1 zoet -1 int -1 fix -1 astr -1 pric -1 pric -1 pric -1 pric -1 pric -1 pric -1 pric -1 pric -1 pric -1 pric -1 million -1 million -1 million -1 million -1 million -1 -2
million -1 million -1 million -1 shar -1 shar -1 shar -1 shar -1 shar -1 shar -1 shar -1 shar -1 shar -1 overse -1 overse -1 diff -1 conv -1 swiss -1 current -1 off -1 off -1 foreign -1 foreign -1 coupon -1 compil -1 rupiah -1 rupiah -1 rupiah -1 rupiah -1 rupiah -1 rupiah -1 rupiah -1 -2
sbcw -1 bid -1 bid -1 indorayon -1 indorayon -1 indorayon -1 size -1 size -1 size -1 size -1 size -1 size -1 size -1 size -1 chf -1 chf -1 redempt -1 corpor -1 prem -1 convertibl -1 convertibl -1 secur -1 lynch -1 bond -1 bond -1 indones -1 indones -1 newsroom -1 ms -1 ms -1 ms -1 -2
ms -1 ms -1 ms -1 indoram -1 polymax -1 indoc -1 tjiwikimia0 -1 tjiwikimia7 -1 iss -1 merril -1 -2
