febru -1 compan -1 compan -1 compan -1 early -1 gener -1 stock -1 sharehold -1 month -1 year -1 octob -1 privat -1 select -1 invest -1 firm -1 common -1 issu -1 issu -1 stat -1 percent -1 meet -1 decid -1 decid -1 polish -1 million -1 shar -1 thursday -1 convert -1 face -1 warsaw -1 -2
zloty -1 zloty -1 zloty -1 give -1 univers -1 univers -1 off -1 exchang -1 postpon -1 postpon -1 detail -1 plan -1 plan -1 sa -1 par -1 par -1 septemb -1 plac -1 convertibl -1 convertibl -1 bond -1 bond -1 bond -1 bond -1 bond -1 due -1 newsroom -1 trad -1 -2
