compan -1 maryland -1 maryland -1 hous -1 tuesday -1 sery -1 sery -1 sery -1 sery -1 municip -1 dtc -1 dtc -1 facil -1 md -1 lehm -1 brother -1 form -1 amount -1 amount -1 capit -1 dtp -1 dtp -1 issu -1 issu -1 stat -1 stat -1 stat -1 yield -1 yield -1 percent -1 -2
aa -1 aa -1 expect -1 expect -1 confirm -1 confirm -1 extraordin -1 extraordin -1 administ -1 administ -1 pric -1 pric -1 pric -1 pric -1 moody -1 moody -1 provis -1 provis -1 million -1 wat -1 deliv -1 minim -1 matur -1 matur -1 refe -1 refe -1 approxim -1 august -1 incorpor -1 bear -1 stearn -1 -2
coupon -1 coupon -1 coupon -1 coupon -1 call -1 call -1 entry -1 entry -1 award -1 fami -1 depart -1 altern -1 tentat -1 program -1 date -1 date -1 nr -1 nr -1 bake -1 develop -1 develop -1 develop -1 redempt -1 redempt -1 book -1 book -1 prelimin -1 prelimin -1 prelimin -1 commun -1 commun -1 -2
commun -1 paineweb -1 paineweb -1 wednesday -1 artem -1 par -1 par -1 chapm -1 septemb -1 inform -1 inform -1 sixth -1 sixth -1 subject -1 subject -1 bond -1 bond -1 bond -1 bond -1 bond -1 chang -1 due -1 due -1 featur -1 featur -1 add -1 add -1 singl -1 fer -1 desk -1 amt -1 -2
amt -1 leg -1 top -1 mason -1 wood -1 walk -1 offic -1 offic -1 tax -1 group -1 pct -1 mln -1 -2
