sery -1 sery -1 sery -1 sery -1 municip -1 rate -1 rate -1 dtc -1 facil -1 receiv -1 agent -1 form -1 amount -1 amount -1 amount -1 today -1 verb -1 issu -1 dtp -1 yield -1 expect -1 pric -1 pric -1 pric -1 pric -1 moody -1 moody -1 moody -1 adjust -1 adjust -1 -2
matur -1 matur -1 matur -1 matur -1 matur -1 nro -1 pend -1 author -1 extr -1 extr -1 incorpor -1 extend -1 extend -1 coupon -1 coupon -1 coupon -1 coupon -1 coupon -1 coupon -1 health -1 health -1 nomin -1 nomin -1 call -1 call -1 call -1 entry -1 approx -1 award -1 award -1 date -1 -2
date -1 date -1 date -1 date -1 nr -1 nr -1 nr -1 nr -1 nr -1 nr -1 montan -1 montan -1 final -1 bosworth -1 book -1 par -1 par -1 tend -1 tend -1 revenu -1 revenu -1 revenu -1 revenu -1 taxabl -1 secur -1 secur -1 secur -1 project -1 bond -1 bond -1 bond -1 -2
bond -1 bond -1 bond -1 bond -1 due -1 due -1 due -1 late -1 featur -1 featur -1 featur -1 mission -1 desk -1 ridg -1 dain -1 ziegl -1 option -1 option -1 -2
