compan -1 compan -1 compan -1 gener -1 gener -1 retir -1 retir -1 promot -1 start -1 manag -1 manag -1 manag -1 nordstrom -1 nordstrom -1 nordstrom -1 nordstrom -1 nordstrom -1 nordstrom -1 nordstrom -1 nordstrom -1 nordstrom -1 lead -1 bill -1 name -1 thursday -1 johnson -1 johnson -1 johnson -1 dan -1 jim -1 -2
wash -1 continu -1 washington -1 northern -1 whitacr -1 raymons -1 blak -1 john -1 stor -1 stor -1 seattl -1 chairm -1 chairm -1 chairm -1 chairm -1 pete -1 vice -1 bellevu -1 presid -1 presid -1 presid -1 operat -1 erik -1 downtown -1 region -1 region -1 californ -1 -2
