compan -1 compan -1 compan -1 compan -1 compan -1 acquir -1 early -1 visa -1 visa -1 cfo -1 dougl -1 applic -1 year -1 year -1 william -1 octob -1 bank -1 join -1 bancorp -1 report -1 hawaii -1 longbrak -1 longbrak -1 longbrak -1 longbrak -1 longbrak -1 kappock -1 kappock -1 wisdorf -1 administ -1 -2
anticip -1 rehir -1 thursday -1 deposit -1 leav -1 control -1 fdic -1 pend -1 feder -1 bureau -1 deput -1 deput -1 august -1 current -1 return -1 financ -1 financ -1 financ -1 financ -1 financ -1 financ -1 financ -1 network -1 san -1 head -1 francisc -1 washington -1 washington -1 washington -1 washington -1 washington -1 -2
servic -1 servic -1 honolulu -1 insur -1 serv -1 serv -1 half -1 posit -1 posit -1 posit -1 chief -1 chief -1 chief -1 chief -1 chief -1 responsibl -1 part -1 organ -1 save -1 rejoin -1 rejoin -1 americ -1 trans -1 base -1 develop -1 newly -1 divid -1 corp -1 includ -1 prev -1 expand -1 -2
expand -1 accept -1 intern -1 seattl -1 chairm -1 process -1 mutual -1 mutual -1 mutual -1 mutual -1 mutual -1 thom -1 resign -1 execut -1 execut -1 vice -1 aggress -1 presid -1 operat -1 californ -1 assum -1 offic -1 offic -1 offic -1 offic -1 offic -1 prepar -1 group -1 -2
