clayton -1 martin -1 martin -1 mast -1 mast -1 steph -1 spain -1 spain -1 spain -1 spain -1 cea -1 franc -1 afric -1 afric -1 mcallist -1 italy -1 lead -1 ian -1 lawrie -1 philip -1 rocc -1 david -1 mitchel -1 ireland -1 ireland -1 round -1 round -1 cocer -1 gilford -1 hedblom -1 -2
allenb -1 joakim -1 wayn -1 swed -1 swed -1 haeggm -1 riley -1 kla -1 roe -1 eamon -1 darcy -1 golf -1 retief -1 francisc -1 austral -1 austral -1 austral -1 austral -1 austral -1 goos -1 antoin -1 pedr -1 eal -1 walton -1 scor -1 scor -1 gate -1 bob -1 linhart -1 argentin -1 woosnam -1 -2
south -1 south -1 jose -1 lebouc -1 paul -1 paul -1 eriksson -1 mike -1 hugh -1 miguel -1 miguel -1 swe -1 brit -1 brit -1 friday -1 costantin -1 angel -1 angel -1 barry -1 robert -1 jimenez -1 pete -1 pete -1 pete -1 lane -1 mark -1 bradley -1 gavin -1 malley -1 levenson -1 -2
