compan -1 compan -1 compan -1 compan -1 compan -1 compan -1 kreil -1 kreil -1 rockaway -1 elect -1 elect -1 elect -1 jersey -1 stock -1 retir -1 retir -1 facil -1 year -1 agree -1 york -1 manag -1 common -1 headquart -1 issu -1 stat -1 busi -1 telephon -1 andraw -1 personnel -1 shar -1 -2
leas -1 august -1 reason -1 flood -1 flood -1 financ -1 financ -1 city -1 continu -1 continu -1 mult -1 mult -1 mult -1 mult -1 mult -1 senior -1 move -1 jr -1 serv -1 chief -1 chief -1 andal -1 andal -1 andal -1 andal -1 andal -1 andal -1 andal -1 andal -1 andal -1 responsibl -1 -2
arc -1 arc -1 arc -1 arc -1 arc -1 cost -1 consolid -1 direct -1 direct -1 interview -1 corp -1 core -1 frankel -1 frankel -1 frankel -1 frankel -1 cohen -1 cohen -1 cohen -1 cohen -1 walt -1 effect -1 board -1 friday -1 chairm -1 chairm -1 chairm -1 connect -1 pete -1 vice -1 vice -1 -2
presid -1 presid -1 presid -1 presid -1 presid -1 presid -1 alan -1 assum -1 offic -1 offic -1 offic -1 offic -1 offic -1 subsid -1 -2
