payment -1 payment -1 febru -1 compan -1 compan -1 compan -1 awar -1 awar -1 market -1 study -1 affil -1 untreat -1 therapeut -1 fals -1 ag -1 find -1 hiv -1 hiv -1 hiv -1 hiv -1 drug -1 drug -1 drug -1 pharmaceut -1 pharmaceut -1 month -1 march -1 hospit -1 hospit -1 year -1 -2
year -1 baxt -1 baxt -1 team -1 team -1 receiv -1 yen -1 yen -1 agree -1 rare -1 abe -1 abe -1 abe -1 abe -1 german -1 osak -1 osak -1 osak -1 amount -1 firm -1 firm -1 firm -1 firm -1 firm -1 file -1 file -1 unit -1 maintain -1 employ -1 indicat -1 week -1 -2
treat -1 treat -1 human -1 produc -1 produc -1 produc -1 produc -1 produc -1 produc -1 produc -1 produc -1 produc -1 stat -1 austr -1 austr -1 profess -1 quest -1 blood -1 blood -1 blood -1 blood -1 blood -1 blood -1 blood -1 aid -1 aid -1 aid -1 aid -1 aid -1 aid -1 million -1 -2
sold -1 legal -1 legal -1 thursday -1 end -1 case -1 die -1 unheat -1 unheat -1 unheat -1 unheat -1 univers -1 univers -1 author -1 takesh -1 investig -1 investig -1 made -1 victim -1 provid -1 health -1 health -1 import -1 green -1 green -1 western -1 head -1 research -1 research -1 research -1 obtain -1 -2
safe -1 complain -1 undisclos -1 chem -1 minist -1 minist -1 minist -1 court -1 search -1 suspic -1 fami -1 fami -1 move -1 neglig -1 nippon -1 nippon -1 nippon -1 nippon -1 nippon -1 district -1 infect -1 infect -1 zoki -1 zoki -1 zoki -1 zoki -1 zoki -1 taint -1 taint -1 sero -1 yakuhin -1 -2
toky -1 toky -1 toky -1 scand -1 scand -1 immunodefic -1 claim -1 claim -1 virus -1 risk -1 settl -1 teiky -1 teiky -1 widen -1 base -1 base -1 sell -1 simil -1 simil -1 raid -1 raid -1 raid -1 institut -1 dang -1 chair -1 corp -1 relat -1 includ -1 charg -1 charg -1 accept -1 -2
heat -1 intern -1 arrest -1 arrest -1 joint -1 compl -1 friday -1 japan -1 japan -1 japan -1 japan -1 japan -1 battl -1 connect -1 action -1 polic -1 polic -1 bay -1 bay -1 make -1 know -1 know -1 accusat -1 prosecut -1 prosecut -1 prosecut -1 soldy -1 vice -1 activ -1 presid -1 haemophiliac -1 -2
haemophiliac -1 haemophiliac -1 haemophiliac -1 haemophiliac -1 offic -1 offic -1 offic -1 offic -1 reveal -1 docu -1 group -1 cross -1 cross -1 -2
