hous -1 tuesday -1 immed -1 rgc -1 rgc -1 rgc -1 rgc -1 cmp -1 awa -1 anacond -1 nl -1 mayn -1 pty -1 sydney -1 schrod -1 campbel -1 campbel -1 nickel -1 appoint -1 appoint -1 firm -1 graham -1 mine -1 nick -1 deput -1 rtr -1 austral -1 austral -1 assoc -1 direct -1 -2
direct -1 direct -1 direct -1 engineer -1 engineer -1 engineer -1 effect -1 present -1 chairm -1 chairm -1 newsroom -1 execut -1 pete -1 vice -1 presid -1 mason -1 mason -1 consult -1 -2
