anton -1 recent -1 tuesday -1 year -1 octob -1 privat -1 leung -1 leung -1 leung -1 leung -1 leung -1 bank -1 bank -1 manag -1 manag -1 manag -1 manag -1 manag -1 appoint -1 appoint -1 appoint -1 mid -1 fund -1 report -1 special -1 govern -1 name -1 chas -1 chas -1 chas -1 -2
citibank -1 manhat -1 administ -1 busi -1 chin -1 chin -1 chin -1 univers -1 author -1 public -1 past -1 airport -1 commit -1 commit -1 commit -1 exchang -1 head -1 numb -1 servic -1 posit -1 posit -1 grant -1 direct -1 direct -1 direct -1 base -1 divid -1 divid -1 philippin -1 announc -1 affair -1 -2
includ -1 post -1 great -1 great -1 effect -1 mounc -1 fallon -1 board -1 men -1 memb -1 memb -1 memb -1 hong -1 hong -1 hong -1 hong -1 hong -1 kong -1 kong -1 kong -1 kong -1 kong -1 chairm -1 robert -1 advis -1 advis -1 newsroom -1 execut -1 richard -1 asia -1 asia -1 -2
asia -1 asia -1 pacif -1 region -1 region -1 region -1 hold -1 prepar -1 -2
