compan -1 compan -1 compan -1 approach -1 market -1 floor -1 small -1 small -1 lce -1 lce -1 credit -1 credit -1 credit -1 hous -1 hous -1 hous -1 clelia -1 oziel -1 french -1 broker -1 immed -1 sharehold -1 sharehold -1 entir -1 amic -1 merg -1 merg -1 team -1 fresh -1 octob -1 -2
bank -1 bank -1 agree -1 firm -1 invest -1 join -1 seek -1 employ -1 peopl -1 larg -1 capit -1 key -1 key -1 afric -1 sourc -1 sourc -1 pract -1 decid -1 transf -1 transf -1 transf -1 implic -1 eye -1 big -1 collect -1 cocoa -1 cocoa -1 cocoa -1 cocoa -1 cocoa -1 busi -1 -2
soft -1 soft -1 futur -1 brok -1 brok -1 brok -1 strength -1 leav -1 coffee -1 coffee -1 commod -1 commod -1 commod -1 commod -1 virtual -1 financ -1 financ -1 financ -1 inject -1 beef -1 exchang -1 exchang -1 exchang -1 work -1 fold -1 rbl -1 rbl -1 rbl -1 rbl -1 rbl -1 rbl -1 -2
rbl -1 rbl -1 rbl -1 rbl -1 rbl -1 rous -1 rous -1 rous -1 clr -1 cavmont -1 cavmont -1 arriv -1 crl -1 crl -1 secrec -1 london -1 london -1 london -1 agricultur -1 agricultur -1 clout -1 move -1 move -1 move -1 play -1 play -1 play -1 put -1 wealth -1 part -1 south -1 -2
divid -1 link -1 link -1 abil -1 sens -1 septemb -1 impossibl -1 departur -1 power -1 intern -1 present -1 liff -1 liff -1 glob -1 make -1 newsroom -1 arm -1 aggress -1 lyonnai -1 lyonnai -1 lyonnai -1 lyonnai -1 creat -1 offic -1 subsid -1 trad -1 trad -1 trad -1 trad -1 trad -1 trad -1 -2
trad -1 trad -1 trad -1 trad -1 cross -1 group -1 group -1 group -1 group -1 -2
