compan -1 compan -1 compan -1 approach -1 novemb -1 gener -1 slip -1 stock -1 stock -1 team -1 team -1 team -1 mor -1 york -1 form -1 manag -1 manag -1 manag -1 unit -1 produc -1 modif -1 st -1 name -1 rest -1 busi -1 busi -1 busi -1 busi -1 david -1 david -1 -2
custom -1 compr -1 strength -1 mcintosh -1 decad -1 cent -1 exchang -1 success -1 ceo -1 search -1 imple -1 posit -1 posit -1 chief -1 responsibl -1 part -1 direct -1 develop -1 newly -1 divid -1 consum -1 charl -1 corpor -1 plan -1 plan -1 centur -1 person -1 person -1 great -1 wednesday -1 board -1 -2
account -1 toro -1 toro -1 toro -1 toro -1 toro -1 toro -1 toro -1 reconfigur -1 kendrick -1 equip -1 melros -1 melros -1 melros -1 melros -1 align -1 lounsbur -1 joint -1 lawn -1 respons -1 strateg -1 strateg -1 strateg -1 chairm -1 morn -1 make -1 execut -1 vice -1 vice -1 vice -1 vice -1 -2
vice -1 recycl -1 presid -1 presid -1 presid -1 presid -1 presid -1 presid -1 presid -1 presid -1 creat -1 creat -1 distribut -1 offic -1 offic -1 left -1 trad -1 oversee -1 group -1 group -1 group -1 -2
