patrick -1 sanchez -1 clavet -1 mauricio -1 hadad -1 sebasti -1 sebasti -1 chri -1 lareau -1 jocelyn -1 robichaud -1 woodruff -1 leblanc -1 vacek -1 bernd -1 karbach -1 javy -1 drap -1 mikael -1 tillstrom -1 joern -1 renzenbrink -1 carraz -1 german -1 german -1 baham -1 spain -1 spain -1 spain -1 spain -1 -2
spain -1 greg -1 albert -1 franc -1 franc -1 franc -1 carlo -1 italy -1 canad -1 canad -1 canad -1 canad -1 canad -1 open -1 open -1 round -1 monday -1 daniel -1 swed -1 colomb -1 czech -1 austral -1 austral -1 austral -1 austral -1 francisc -1 tod -1 numb -1 scot -1 ten -1 ten -1 -2
cost -1 tourna -1 prefix -1 denot -1 seed -1 andrea -1 result -1 result -1 forget -1 raft -1 knowl -1 alex -1 republ -1 woodbridg -1 woodford -1 mark -1 mark -1 arnaud -1 boetsch -1 gaudenz -1 berasategui -1 filip -1 dewulf -1 belg -1 beat -1 beat -1 beat -1 beat -1 beat -1 beat -1 beat -1 -2
beat -1 beat -1 beat -1 beat -1 beat -1 corretj -1 guy -1 -2
