compan -1 sunbeam -1 cfo -1 joseph -1 march -1 treasur -1 name -1 name -1 name -1 reut -1 hara -1 hara -1 hara -1 thursday -1 remain -1 financ -1 financ -1 financ -1 financ -1 senior -1 chief -1 chief -1 gill -1 gill -1 direct -1 succeed -1 aug -1 paul -1 paul -1 corp -1 -2
corp -1 miam -1 respons -1 respons -1 vice -1 presid -1 offic -1 offic -1 precis -1 precis -1 -2
