compan -1 sery -1 municip -1 rate -1 rate -1 facil -1 facil -1 morg -1 york -1 trust -1 invest -1 deal -1 issu -1 stat -1 aa1 -1 aa1 -1 mo -1 mo -1 guarant -1 moody -1 moody -1 missor -1 univers -1 author -1 univ -1 sbpa -1 health -1 washington -1 washington -1 servic -1 -2
educat -1 educat -1 vmig -1 vmig -1 announc -1 revenu -1 desk -1 -2
