elect -1 elect -1 elect -1 elect -1 broker -1 review -1 bank -1 manag -1 manag -1 still -1 mid -1 unit -1 seek -1 sbc -1 warburg -1 michael -1 stat -1 wit -1 dean -1 futur -1 futur -1 hartley -1 hartley -1 hartley -1 remain -1 give -1 swiss -1 time -1 deput -1 deput -1 -2
deput -1 deput -1 financ -1 exchang -1 exchang -1 exchang -1 head -1 london -1 london -1 eynon -1 eynon -1 eynon -1 cagf -1 responsibl -1 direct -1 direct -1 divid -1 divid -1 corpor -1 july -1 derivat -1 board -1 board -1 intern -1 intern -1 intern -1 memb -1 friday -1 bond -1 christoph -1 liff -1 -2
liff -1 liff -1 liff -1 liff -1 liff -1 glob -1 strateg -1 chairm -1 chairm -1 chairm -1 chairm -1 chairm -1 mark -1 ord -1 trad -1 group -1 option -1 option -1 -2
