patrick -1 recent -1 interest -1 rate -1 begin -1 year -1 team -1 yen -1 yen -1 yen -1 yen -1 yen -1 lehm -1 lehm -1 lehm -1 morg -1 morg -1 brother -1 stanley -1 stanley -1 denomin -1 manag -1 manag -1 manag -1 appoint -1 appoint -1 firm -1 firm -1 unit -1 join -1 -2
join -1 join -1 join -1 debt -1 produc -1 bzw -1 bzw -1 bzw -1 bzw -1 bzw -1 bzw -1 bzw -1 stat -1 lead -1 govern -1 fix -1 fix -1 fix -1 fix -1 fix -1 fix -1 busi -1 busi -1 custom -1 ubs -1 career -1 prior -1 short -1 spent -1 head -1 head -1 -2
head -1 work -1 london -1 london -1 jgb -1 jgb -1 lin -1 lin -1 dearlov -1 propriet -1 toky -1 toky -1 toky -1 toky -1 responsibl -1 responsibl -1 direct -1 direct -1 direct -1 direct -1 direct -1 date -1 bake -1 bake -1 develop -1 incom -1 incom -1 incom -1 incom -1 incom -1 incom -1 -2
stuart -1 divid -1 divid -1 wednesday -1 prev -1 intern -1 intern -1 secur -1 japan -1 bond -1 bond -1 glob -1 repo -1 franchis -1 desk -1 region -1 mark -1 sale -1 trad -1 trad -1 trad -1 trad -1 trad -1 trad -1 establ -1 -2
