compan -1 compan -1 early -1 refer -1 refer -1 submit -1 bruin -1 bruin -1 bruin -1 basset -1 stock -1 find -1 low -1 adrian -1 year -1 midday -1 receiv -1 sydney -1 manag -1 deal -1 deal -1 de -1 de -1 de -1 issu -1 stat -1 stat -1 decid -1 timb -1 unlaw -1 -2
shar -1 shar -1 shar -1 shar -1 shar -1 refe -1 refe -1 monday -1 asc -1 asc -1 asc -1 asc -1 asc -1 asc -1 asc -1 consid -1 consid -1 rtr -1 conclud -1 wish -1 confid -1 investig -1 commit -1 commit -1 cent -1 exchang -1 austral -1 austral -1 complain -1 complain -1 complain -1 -2
veall -1 veall -1 veall -1 satisfact -1 signif -1 step -1 posit -1 direct -1 direct -1 direct -1 direct -1 outcom -1 basi -1 circumst -1 mat -1 mat -1 mat -1 mat -1 mat -1 turnov -1 conduc -1 strict -1 ron -1 surround -1 resolut -1 unabl -1 plac -1 board -1 board -1 board -1 secur -1 -2
unten -1 respons -1 auspin -1 auspin -1 auspin -1 auspin -1 auspin -1 advis -1 newsroom -1 resign -1 delay -1 trad -1 trad -1 trad -1 trad -1 keith -1 group -1 -2
