recov -1 recov -1 recov -1 recov -1 compan -1 compan -1 limit -1 benson -1 ii -1 tr -1 clear -1 hous -1 card -1 mr -1 kleinwort -1 kleinwort -1 kleinwort -1 kleinwort -1 refug -1 retir -1 progress -1 begin -1 merg -1 merg -1 merg -1 hotel -1 william -1 whitbread -1 privat -1 privat -1 -2
privat -1 data -1 brother -1 ballynatray -1 club -1 blenheim -1 telew -1 trust -1 trust -1 trust -1 trust -1 trust -1 trust -1 trust -1 trust -1 trust -1 trust -1 trust -1 trust -1 trust -1 cardcast -1 manag -1 manag -1 cf -1 invest -1 invest -1 invest -1 invest -1 invest -1 invest -1 invest -1 -2
invest -1 invest -1 dundee -1 pemberston -1 pemberston -1 pemberston -1 pemberston -1 food -1 food -1 radio -1 hcg -1 hcg -1 unit -1 unit -1 unit -1 unit -1 unit -1 clm -1 list -1 benfield -1 peopl -1 milieutech -1 optimax -1 week -1 neilson -1 capit -1 prid -1 cobbold -1 fund -1 rathbon -1 rea -1 -2
norc -1 norc -1 norc -1 jack -1 jack -1 norhom -1 oriel -1 knightsbridg -1 pegasus -1 pelic -1 wyvern -1 rexmor -1 roseby -1 savoy -1 home -1 home -1 wisem -1 cobleigh -1 videotron -1 footbal -1 european -1 european -1 european -1 european -1 assur -1 assur -1 assur -1 panel -1 midland -1 discuss -1 clark -1 -2
clerk -1 current -1 august -1 august -1 contin -1 provid -1 phon -1 western -1 dairy -1 propert -1 propert -1 propert -1 friend -1 lloyd -1 lloyd -1 cabl -1 delet -1 delet -1 scot -1 growth -1 london -1 london -1 bid -1 bid -1 insur -1 plc -1 plc -1 plc -1 plc -1 plc -1 plc -1 -2
plc -1 plc -1 plc -1 plc -1 plc -1 plc -1 plc -1 plc -1 plc -1 plc -1 plc -1 plc -1 plc -1 plc -1 plc -1 plc -1 plc -1 plc -1 plc -1 plc -1 plc -1 plc -1 plc -1 plc -1 plc -1 plc -1 plc -1 plc -1 plc -1 plc -1 plc -1 -2
plc -1 plc -1 plc -1 plc -1 plc -1 plc -1 plc -1 plc -1 plc -1 plc -1 plc -1 plc -1 plc -1 plc -1 plc -1 resid -1 resid -1 resid -1 resid -1 resid -1 south -1 south -1 neill -1 neill -1 stuart -1 corpor -1 commun -1 tom -1 estat -1 uk -1 intern -1 -2
brit -1 eastern -1 eastern -1 robert -1 takeov -1 takeov -1 takeov -1 takeov -1 newsroom -1 add -1 add -1 fourth -1 fourth -1 park -1 roman -1 roman -1 roman -1 roman -1 mark -1 hold -1 hold -1 hold -1 hold -1 hold -1 group -1 group -1 group -1 group -1 group -1 group -1 group -1 -2
group -1 group -1 pct -1 -2
