compan -1 cfo -1 interest -1 chain -1 promot -1 promot -1 pursu -1 duty -1 duty -1 duty -1 manag -1 manag -1 manag -1 smiley -1 smiley -1 minor -1 minor -1 minor -1 minor -1 greer -1 leav -1 control -1 glen -1 grig -1 grig -1 financ -1 financ -1 ann -1 senior -1 senior -1 -2
owen -1 owen -1 owen -1 jame -1 chief -1 chief -1 cost -1 cost -1 wednesday -1 titl -1 septemb -1 septemb -1 septemb -1 rect -1 rect -1 rect -1 effect -1 effect -1 suppl -1 add -1 thom -1 resign -1 resign -1 vice -1 vice -1 vice -1 vice -1 dozy -1 presid -1 presid -1 presid -1 -2
presid -1 operat -1 operat -1 assum -1 assum -1 assum -1 offic -1 offic -1 -2
