compan -1 gener -1 gener -1 sery -1 sery -1 sery -1 municip -1 fitch -1 fitch -1 fitch -1 dtc -1 term -1 receiv -1 lehm -1 brother -1 morg -1 stanley -1 york -1 york -1 baa1 -1 baa1 -1 system -1 system -1 system -1 system -1 amount -1 amount -1 amount -1 dormit -1 dormit -1 -2
verb -1 dtp -1 dtp -1 dtp -1 issu -1 issu -1 yield -1 yield -1 yield -1 yield -1 stat -1 stat -1 stat -1 percent -1 percent -1 expect -1 expect -1 dorm -1 beal -1 aaa -1 aaa -1 aaa -1 aaa -1 aaa -1 aaa -1 pric -1 pric -1 pric -1 pric -1 pric -1 pric -1 -2
pric -1 pric -1 pric -1 pric -1 pric -1 pric -1 pric -1 pric -1 pric -1 pric -1 pric -1 pric -1 pric -1 pric -1 pric -1 pric -1 pric -1 pric -1 pric -1 pric -1 pric -1 pric -1 moody -1 moody -1 moody -1 lower -1 lower -1 lazard -1 million -1 deliv -1 matur -1 -2
matur -1 matur -1 matur -1 approxim -1 ambac -1 univers -1 univers -1 univers -1 univers -1 author -1 author -1 smith -1 smith -1 barney -1 barney -1 august -1 luther -1 incorpor -1 incorpor -1 incorpor -1 coupon -1 coupon -1 coupon -1 coupon -1 coupon -1 coupon -1 call -1 call -1 call -1 cut -1 city -1 -2
city -1 city -1 city -1 entry -1 approx -1 approx -1 approx -1 approx -1 approx -1 approx -1 approx -1 approx -1 approx -1 approx -1 approx -1 approx -1 approx -1 approx -1 approx -1 approx -1 approx -1 approx -1 approx -1 approx -1 approx -1 approx -1 approx -1 approx -1 approx -1 approx -1 award -1 -2
award -1 bid -1 serial -1 muriel -1 repric -1 repric -1 repric -1 siebert -1 insur -1 insur -1 insur -1 fsa -1 wr -1 consolid -1 consolid -1 consolid -1 consolid -1 date -1 date -1 date -1 book -1 bbb -1 bbb -1 seal -1 prudent -1 resolut -1 resolut -1 laidlaw -1 paineweb -1 wednesday -1 septemb -1 -2
revenu -1 revenu -1 revenu -1 revenu -1 secur -1 subject -1 friday -1 bond -1 bond -1 bond -1 bond -1 bond -1 bond -1 chang -1 mbia -1 mbia -1 due -1 due -1 due -1 pryor -1 mcclendon -1 featur -1 featur -1 featur -1 desk -1 top -1 count -1 -2
