compan -1 pennsylvan -1 pennsylvan -1 life -1 hous -1 hous -1 sery -1 sery -1 sery -1 sery -1 clos -1 municip -1 municip -1 year -1 william -1 agent -1 agent -1 live -1 amount -1 amount -1 amount -1 spread -1 verb -1 verb -1 dtp -1 dtp -1 yield -1 attent -1 aa -1 aa -1 -2
aa -1 aa -1 aa -1 aa -1 expect -1 expect -1 expect -1 treasur -1 treasur -1 avg -1 pric -1 pric -1 pric -1 moody -1 moody -1 moody -1 deliv -1 minim -1 matur -1 matur -1 matur -1 matur -1 feder -1 august -1 pac -1 coupon -1 coupon -1 coupon -1 coupon -1 coupon -1 coupon -1 -2
financ -1 financ -1 call -1 call -1 call -1 call -1 award -1 award -1 award -1 fami -1 exper -1 exper -1 altern -1 date -1 date -1 date -1 yrs -1 yrs -1 yrs -1 yrs -1 yrs -1 yrs -1 yrs -1 base -1 base -1 base -1 exp -1 exp -1 exp -1 exp -1 exp -1 -2
exp -1 par -1 par -1 par -1 septemb -1 revenu -1 taxabl -1 taxabl -1 taxabl -1 account -1 inform -1 secur -1 subject -1 friday -1 bond -1 bond -1 bond -1 bond -1 bond -1 bond -1 bond -1 bond -1 aver -1 due -1 due -1 due -1 goldm -1 sach -1 featur -1 featur -1 featur -1 -2
mortg -1 singl -1 psa -1 psa -1 desk -1 amt -1 amt -1 leg -1 mason -1 wood -1 walk -1 tax -1 -2
