life -1 retent -1 hous -1 hous -1 hous -1 merrill -1 sery -1 supe -1 municip -1 fitch -1 fitch -1 fitch -1 year -1 edward -1 edward -1 amount -1 amount -1 amount -1 fha -1 sink -1 dtp -1 dtp -1 dtp -1 issu -1 aa -1 aa -1 expect -1 expect -1 expect -1 expect -1 -2
expect -1 expect -1 expect -1 expect -1 a1 -1 aaa -1 aaa -1 avg -1 pric -1 pric -1 pric -1 pric -1 pric -1 moody -1 moody -1 moody -1 million -1 thursday -1 deliv -1 matur -1 matur -1 matur -1 minim -1 minim -1 minim -1 august -1 incorpor -1 coupon -1 coupon -1 coupon -1 coupon -1 -2
coupon -1 coupon -1 financ -1 financ -1 financ -1 call -1 call -1 call -1 b0nd -1 assoc -1 assoc -1 assoc -1 senior -1 award -1 subordin -1 fami -1 exper -1 altern -1 altern -1 altern -1 tentat -1 idah -1 idah -1 idah -1 naf -1 naf -1 naf -1 date -1 date -1 date -1 base -1 -2
mezzanin -1 prudent -1 par -1 par -1 par -1 septemb -1 pipe -1 jaffray -1 secur -1 subject -1 subject -1 subject -1 lynch -1 bond -1 bond -1 bond -1 bond -1 bond -1 bond -1 bond -1 jone -1 son -1 due -1 due -1 due -1 goldm -1 goldm -1 sach -1 sach -1 featur -1 featur -1 -2
featur -1 mortg -1 singl -1 desk -1 tax -1 tax -1 tax -1 -2
