compan -1 bring -1 novemb -1 mr -1 md -1 bank -1 bank -1 agree -1 pty -1 nab -1 nab -1 manag -1 manag -1 manag -1 join -1 join -1 join -1 larg -1 stat -1 strong -1 background -1 busi -1 brok -1 career -1 nation -1 nation -1 industr -1 bureau -1 rtr -1 outstand -1 -2
wid -1 financ -1 loton -1 austral -1 austral -1 exper -1 direct -1 direct -1 direct -1 argus -1 argus -1 argus -1 brian -1 hill -1 profit -1 bhp -1 bhp -1 bhp -1 bhp -1 wednesday -1 board -1 board -1 board -1 board -1 intern -1 chairm -1 melbourn -1 don -1 -2
