clayton -1 martin -1 mast -1 mast -1 eduard -1 spain -1 spain -1 spain -1 spain -1 colin -1 cea -1 franc -1 afric -1 afric -1 stat -1 italy -1 italy -1 lead -1 ian -1 lawrie -1 philip -1 rocc -1 andraw -1 david -1 david -1 mitchel -1 thursday -1 ireland -1 round -1 round -1 -2
roge -1 cocer -1 gilford -1 hedblom -1 davi -1 daniel -1 sellberg -1 allenb -1 swed -1 swed -1 swed -1 swed -1 kla -1 roe -1 canon -1 golf -1 retief -1 francisc -1 austral -1 austral -1 austral -1 goos -1 antoin -1 pyman -1 pedr -1 russel -1 eal -1 coltart -1 walton -1 scor -1 scor -1 -2
linhart -1 montgomerie -1 argentin -1 argentin -1 woosnam -1 south -1 south -1 curry -1 emanuel -1 jose -1 lebouc -1 affleck -1 ove -1 paul -1 paul -1 paul -1 paul -1 raymons -1 howel -1 eriksson -1 mike -1 chapm -1 iain -1 romer -1 miguel -1 miguel -1 brit -1 brit -1 brit -1 costantin -1 angel -1 -2
angel -1 robert -1 chopr -1 jimenez -1 pete -1 pete -1 pete -1 mark -1 mark -1 gavin -1 malley -1 levenson -1 -2
