waf -1 waf -1 waf -1 jupit -1 w95 -1 tee -1 tee -1 mexic -1 mexic -1 spirit -1 spirit -1 niger -1 epic -1 fosn -1 thai -1 api -1 immingham -1 magel -1 arzew -1 mbs -1 kwinan -1 bp -1 bp -1 baton -1 w60 -1 w102 -1 jomo -1 w105 -1 w105 -1 w105 -1 -2
midday -1 corcovad -1 dumai -1 dumai -1 tbn -1 tbn -1 tbn -1 tbn -1 w72 -1 baltic -1 katj -1 w82 -1 chickasaw -1 w130 -1 w130 -1 blouk -1 north -1 petroleum -1 chiar -1 tamar -1 w182 -1 sea -1 sea -1 sea -1 sea -1 sea -1 sea -1 crudex -1 bour -1 bour -1 salvia -1 -2
bregen -1 ningp -1 sidel -1 falconar -1 bintulu -1 shuk -1 spain -1 spain -1 liuhua -1 erg -1 erg -1 jahr -1 de -1 leyt -1 gulf -1 gulf -1 veba -1 red -1 red -1 venit -1 west -1 west -1 west -1 afric -1 afric -1 shell -1 whitehav -1 gmt -1 fixtur -1 fixtur -1 fixtur -1 -2
italy -1 italy -1 italy -1 italy -1 sank -1 kentuck -1 agip -1 agip -1 hyundai -1 dirty -1 enquir -1 enquir -1 hemispher -1 w112 -1 ras -1 chib -1 usg -1 usg -1 usg -1 usg -1 usg -1 usg -1 dreyfus -1 sinochem -1 sinochem -1 tank -1 mideast -1 mideast -1 mideast -1 mideast -1 mideast -1 -2
mideast -1 sidi -1 sidi -1 sidi -1 sidi -1 sidi -1 challeng -1 kerir -1 kerir -1 kerir -1 kerir -1 kerir -1 exxon -1 repsol -1 oil -1 oil -1 oil -1 oil -1 oil -1 oil -1 chin -1 chin -1 mont -1 sici -1 fuel -1 fuel -1 fuel -1 fuel -1 singapor -1 singapor -1 confid -1 -2
leixoe -1 kharg -1 western -1 austral -1 austral -1 ventspil -1 petrog -1 london -1 alph -1 hunt -1 india -1 india -1 rep -1 roug -1 fail -1 nova -1 nova -1 doubl -1 petronor -1 alexandro -1 mobil -1 mobil -1 mobil -1 horno -1 silb -1 hambl -1 rnr -1 rnr -1 rnr -1 rnr -1 honam -1 -2
kanematsu -1 cont -1 cont -1 usac -1 usac -1 med -1 med -1 island -1 heron -1 intellig -1 transport -1 latvian -1 stentex -1 mike -1 kb -1 kb -1 tk -1 tk -1 ukc -1 ukc -1 ukc -1 ukc -1 ukc -1 ukc -1 ukc -1 kakap -1 petron -1 black -1 seria -1 nordic -1 skikd -1 -2
lanuf -1 ceps -1 carib -1 vitol -1 vitol -1 vitol -1 sevastopoly -1 uk -1 uk -1 uk -1 malacc -1 cabo -1 cabo -1 w137 -1 whampoa -1 w115 -1 w115 -1 nord -1 valer -1 ukcm -1 ukcm -1 total -1 aland -1 koch -1 japan -1 ioc -1 thailand -1 caltex -1 sietc -1 soro -1 chevron -1 -2
indones -1 indones -1 indones -1 indones -1 unipec -1 late -1 elf -1 labu -1 srirach -1 w97 -1 w97 -1 w97 -1 newsroom -1 fujairah -1 hess -1 asia -1 asia -1 sant -1 geroi -1 pacif -1 pacif -1 pacif -1 daphn -1 korea -1 korea -1 korea -1 w140 -1 glory -1 w135 -1 whangarei -1 -2
