life -1 hous -1 hous -1 merrill -1 sery -1 sery -1 sery -1 sery -1 supe -1 municip -1 dtc -1 dtc -1 facil -1 begin -1 year -1 receiv -1 receiv -1 form -1 writ -1 amount -1 amount -1 amount -1 amount -1 firm -1 sink -1 sink -1 fund -1 dtp -1 dtp -1 dtp -1 -2
issu -1 issu -1 loan -1 stat -1 stat -1 stat -1 aa -1 aa -1 aa -1 aa -1 aa -1 aa -1 confirm -1 confirm -1 confirm -1 confirm -1 confirm -1 confirm -1 extraordin -1 extraordin -1 extraordin -1 avg -1 pric -1 pric -1 pric -1 pric -1 moody -1 moody -1 moody -1 provis -1 provis -1 -2
provis -1 deliv -1 minim -1 minim -1 matur -1 matur -1 matur -1 refe -1 refe -1 refe -1 feder -1 august -1 incorpor -1 incorpor -1 coupon -1 coupon -1 coupon -1 coupon -1 coupon -1 coupon -1 guaranteed -1 call -1 call -1 call -1 entry -1 entry -1 award -1 award -1 insur -1 fami -1 exper -1 -2
altern -1 altern -1 program -1 date -1 date -1 date -1 montan -1 montan -1 final -1 davidson -1 bosworth -1 base -1 redempt -1 redempt -1 redempt -1 book -1 book -1 prelimin -1 prelimin -1 prelimin -1 paineweb -1 mandat -1 par -1 par -1 par -1 septemb -1 pipe -1 board -1 board -1 jaffray -1 inform -1 -2
inform -1 inform -1 subject -1 subject -1 lynch -1 friday -1 bond -1 bond -1 bond -1 bond -1 bond -1 due -1 due -1 due -1 featur -1 featur -1 featur -1 add -1 add -1 add -1 mortg -1 singl -1 psa -1 desk -1 amt -1 amt -1 amt -1 dain -1 offic -1 offic -1 offic -1 -2
tax -1 tax -1 -2
