hous -1 hous -1 merrill -1 sery -1 municip -1 fitch -1 fitch -1 edward -1 edward -1 grand -1 list -1 list -1 expect -1 expect -1 expect -1 expect -1 balanc -1 balanc -1 balanc -1 a1 -1 aaa -1 aaa -1 moody -1 moody -1 matur -1 matur -1 deliv -1 deliv -1 minim -1 minim -1 -2
incorpor -1 coupon -1 coupon -1 financ -1 b0nd -1 assoc -1 senior -1 subordin -1 fami -1 altern -1 altern -1 idah -1 idah -1 naf -1 naf -1 date -1 date -1 prudent -1 pipe -1 jaffray -1 secur -1 subject -1 subject -1 lynch -1 total -1 total -1 bond -1 bond -1 bond -1 jone -1 son -1 -2
goldm -1 sach -1 mortg -1 singl -1 desk -1 tax -1 tax -1 mln -1 -2
