donald -1 boudreau -1 febru -1 market -1 credit -1 credit -1 credit -1 credit -1 credit -1 credit -1 credit -1 retail -1 card -1 card -1 card -1 card -1 card -1 card -1 card -1 card -1 card -1 back -1 back -1 tuesday -1 target -1 target -1 repret -1 segment -1 record -1 retir -1 -2
high -1 rate -1 rate -1 month -1 month -1 walsh -1 walsh -1 walsh -1 walsh -1 walsh -1 walsh -1 begin -1 merg -1 merg -1 merg -1 year -1 year -1 year -1 octob -1 build -1 brother -1 bank -1 bank -1 bank -1 bank -1 bank -1 billion -1 extrem -1 system -1 system -1 system -1 -2
trust -1 manag -1 manag -1 manag -1 manag -1 expert -1 expert -1 unit -1 unit -1 unit -1 unit -1 peopl -1 quart -1 issu -1 loan -1 michael -1 produc -1 report -1 report -1 anal -1 expect -1 decid -1 cash -1 eye -1 name -1 chas -1 chas -1 chas -1 chas -1 chas -1 chas -1 -2
chas -1 chas -1 chas -1 chas -1 manhat -1 manhat -1 manhat -1 busi -1 busi -1 busi -1 busi -1 custom -1 custom -1 custom -1 million -1 million -1 million -1 intent -1 task -1 span -1 usag -1 hanov -1 hanov -1 techn -1 techn -1 techn -1 remain -1 increas -1 time -1 time -1 virtual -1 -2
short -1 outstand -1 platform -1 grow -1 grow -1 grow -1 grow -1 past -1 typ -1 care -1 comput -1 loss -1 loss -1 head -1 head -1 call -1 offer -1 offer -1 offer -1 continu -1 continu -1 growth -1 exper -1 critic -1 step -1 step -1 step -1 front -1 period -1 put -1 job -1 -2
fine -1 note -1 succeed -1 trans -1 trans -1 interview -1 develop -1 problem -1 consum -1 divid -1 charl -1 run -1 plan -1 corp -1 corp -1 corp -1 announc -1 includ -1 chemic -1 chemic -1 chemic -1 salomon -1 driv -1 revenu -1 involut -1 involut -1 expand -1 expand -1 plac -1 capabl -1 board -1 -2
spokesm -1 spokesm -1 intern -1 intern -1 inform -1 inform -1 present -1 secur -1 attempt -1 familiar -1 chang -1 chang -1 combin -1 process -1 process -1 process -1 tune -1 make -1 manufactur -1 manufactur -1 technolg -1 execut -1 address -1 activ -1 doubt -1 marketplac -1 reflect -1 reflect -1 reflect -1 solid -1 whiz -1 -2
urkowitz -1 urkowitz -1 urkowitz -1 urkowitz -1 urkowitz -1 urkowitz -1 urkowitz -1 urkowitz -1 ord -1 smooth -1 offic -1 dain -1 glossm -1 infoserv -1 oversee -1 tenur -1 martercard -1 -2
