patrick -1 early -1 back -1 fring -1 ciriac -1 sebasti -1 progress -1 cup -1 adrian -1 adrian -1 marc -1 marc -1 year -1 vega -1 everton -1 switzerland -1 switzerland -1 euro -1 stephan -1 stephan -1 int -1 world -1 pasc -1 defend -1 lausan -1 phas -1 david -1 stuttgart -1 thursday -1 european -1 -2
midfield -1 open -1 sharpshoot -1 knup -1 knup -1 knup -1 knup -1 knup -1 sylvestr -1 galatasaray -1 galatasaray -1 pascol -1 cagliar -1 cagliar -1 recal -1 zuberbuehl -1 henchoz -1 hottig -1 yvan -1 swiss -1 quentin -1 rolf -1 wicky -1 comiset -1 esposit -1 fourn -1 fan -1 august -1 ohrel -1 sesa -1 sforz -1 -2
socc -1 murat -1 yakin -1 bonvin -1 grasshop -1 grasshop -1 grasshop -1 grasshop -1 grasshop -1 kubilay -1 turkyilmaz -1 champ -1 boruss -1 man -1 strik -1 strik -1 fail -1 scor -1 goalkeep -1 sion -1 sion -1 sion -1 sion -1 final -1 alexandr -1 ramon -1 squad -1 squad -1 squad -1 baku -1 artur -1 -2
includ -1 hamburg -1 overlook -1 servet -1 goal -1 raphael -1 azerbaij -1 intern -1 christoph -1 christoph -1 qualif -1 chapuisat -1 jorg -1 milan -1 antonio -1 dortmund -1 group -1 coach -1 -2
