compan -1 compan -1 compan -1 market -1 emerg -1 arnold -1 llc -1 llc -1 privat -1 privat -1 privat -1 form -1 manag -1 manag -1 invest -1 invest -1 invest -1 larg -1 capit -1 capit -1 alastair -1 busi -1 exist -1 behalf -1 thursday -1 alli -1 alli -1 alli -1 alli -1 alli -1 -2
alli -1 financ -1 lp -1 focus -1 dedicat -1 direct -1 corpor -1 institut -1 albion -1 albion -1 albion -1 albion -1 albion -1 tedford -1 asset -1 asset -1 expand -1 joint -1 ventur -1 found -1 glob -1 advis -1 advis -1 mark -1 -2
