compan -1 compan -1 early -1 early -1 market -1 market -1 record -1 joseph -1 month -1 march -1 year -1 year -1 year -1 team -1 team -1 sony -1 manag -1 manag -1 manag -1 manag -1 join -1 join -1 quart -1 sourc -1 sourc -1 produc -1 produc -1 report -1 report -1 report -1 -2
expect -1 lead -1 lead -1 brand -1 name -1 name -1 name -1 name -1 name -1 name -1 heir -1 ned -1 doll -1 pric -1 janu -1 contribut -1 million -1 million -1 million -1 million -1 versus -1 francesc -1 industr -1 industr -1 remain -1 davi -1 jill -1 jill -1 jill -1 jill -1 stein -1 -2
stein -1 stein -1 outstand -1 replac -1 financ -1 confid -1 made -1 mattel -1 mattel -1 mattel -1 mattel -1 mattel -1 mattel -1 mattel -1 mattel -1 mattel -1 mattel -1 mattel -1 mattel -1 mattel -1 mattel -1 barad -1 barad -1 barad -1 barad -1 barad -1 barad -1 barad -1 barad -1 barbie -1 prov -1 -2
amerm -1 amerm -1 amerm -1 amerm -1 amerm -1 amerm -1 amerm -1 amerm -1 continu -1 senior -1 success -1 ceo -1 ceo -1 ceo -1 fish -1 net -1 move -1 serv -1 jame -1 chief -1 chief -1 chief -1 chief -1 mansor -1 part -1 direct -1 gandolf -1 succeed -1 succeed -1 luzuriag -1 incom -1 -2
divid -1 corpor -1 run -1 result -1 corp -1 revenu -1 revenu -1 effect -1 bruc -1 board -1 board -1 board -1 john -1 intern -1 memb -1 memb -1 worldw -1 worldw -1 excel -1 total -1 real -1 girl -1 toy -1 chairm -1 manufactur -1 resign -1 partn -1 usa -1 execut -1 execut -1 execut -1 -2
vice -1 vice -1 vice -1 activ -1 presid -1 presid -1 presid -1 presid -1 presid -1 presid -1 presid -1 presid -1 presid -1 presid -1 presid -1 presid -1 eskridg -1 operat -1 operat -1 operat -1 operat -1 operat -1 top -1 top -1 offic -1 offic -1 offic -1 offic -1 realign -1 byron -1 -2
