mr -1 kraft -1 kraft -1 kraft -1 high -1 mor -1 bank -1 bank -1 nab -1 sydney -1 manag -1 manag -1 appoint -1 appoint -1 food -1 food -1 unit -1 stat -1 bill -1 level -1 philip -1 cos -1 nation -1 nation -1 area -1 rtr -1 austral -1 austral -1 austral -1 zealand -1 -2
exper -1 direct -1 direct -1 direct -1 direct -1 direct -1 valu -1 board -1 board -1 intern -1 chairm -1 irvin -1 make -1 newsroom -1 add -1 thom -1 park -1 park -1 park -1 -2
