martin -1 trinidad -1 william -1 lan -1 german -1 german -1 steph -1 steph -1 spain -1 spain -1 spain -1 spain -1 spain -1 spain -1 cea -1 will -1 michael -1 germ -1 germ -1 stat -1 canizar -1 britain -1 carl -1 carl -1 lead -1 ian -1 ian -1 lawrie -1 ame -1 pric -1 -2
david -1 david -1 denmark -1 open -1 open -1 ireland -1 ireland -1 round -1 round -1 roge -1 dieg -1 bjorn -1 wayn -1 swed -1 swed -1 swed -1 riley -1 eamon -1 darcy -1 champ -1 golf -1 golf -1 austral -1 austral -1 francisc -1 suneson -1 pyman -1 smyth -1 pedr -1 roca -1 hawksworth -1 -2
borreg -1 cole -1 tobag -1 gogel -1 jonzon -1 russel -1 eal -1 scor -1 scor -1 ricky -1 karlsson -1 des -1 linhart -1 woosnam -1 bernhard -1 lang -1 fernand -1 jose -1 cart -1 stev -1 mat -1 paul -1 paul -1 paul -1 jeff -1 raymons -1 loma -1 field -1 chapm -1 miguel -1 maria -1 -2
friday -1 angel -1 jonath -1 barry -1 robert -1 robert -1 thom -1 thom -1 webst -1 broadhurst -1 orr -1 lane -1 gary -1 terry -1 mason -1 -2
